timestamp,open,high,low,close,volume
2022-12-31,16612.4,16648.9,16470.1,16544.8,22731.84
2023-01-01,16545.9,16626.9,16503.5,16614.9,18046.05
2023-01-02,16614.8,16805.0,16545.9,16673.1,39206.7
2023-01-03,16673.2,16777.0,16611.4,16678.2,36248.23
2023-01-04,16678.3,16988.9,16656.0,16850.6,67640.65
2023-01-05,16850.7,16881.0,16755.9,16834.4,35524.77
2023-01-06,16834.3,17036.0,16675.3,16944.6,56351.4
2023-01-07,16944.6,16981.2,16910.7,16946.8,15480.78
2023-01-08,16946.8,17189.5,16911.0,17129.9,33039.16
2023-01-09,17129.9,17399.7,17105.1,17180.9,77153.44
2023-01-10,17180.5,17487.9,17151.8,17437.0,55058.9
2023-01-11,17437.0,18005.3,17319.9,17943.0,74082.79
2023-01-12,17943.0,19126.2,17906.0,18842.5,204383.37
2023-01-13,18842.4,20035.9,18713.9,19928.8,177653.21
2023-01-14,19928.9,21555.0,19890.3,20955.8,244135.14
2023-01-15,20955.8,21062.5,20555.0,20873.5,92692.3
2023-01-16,20873.4,21490.0,20593.0,21187.2,146646.97
2023-01-17,21187.1,21650.0,20830.0,21127.4,131164.49
2023-01-18,21127.3,21666.0,20400.0,20679.1,192291.21
2023-01-19,20679.1,21188.0,20659.5,21071.4,62787.94
2023-01-20,21071.0,22793.4,20863.1,22667.0,128878.3
2023-01-21,22667.0,23388.0,22425.3,22788.0,164030.15
2023-01-22,22788.1,23079.6,22300.0,22713.3,92242.95
2023-01-23,22713.3,23186.6,22491.5,22917.1,108702.18
2023-01-24,22916.1,23170.1,22450.0,22633.0,107836.38
2023-01-25,22633.0,23833.0,22335.0,23061.4,138014.69
2023-01-26,23061.3,23280.0,22850.0,23008.9,91792.76
2023-01-27,23007.7,23524.2,22520.2,23075.1,111550.27
2023-01-28,23075.0,23187.9,22880.0,23026.6,39462.4
2023-01-29,23026.5,23977.3,22971.4,23742.0,121354.47
2023-01-30,23742.1,23800.0,22460.0,22826.0,115756.66
2023-01-31,22826.1,23360.0,22720.0,23135.7,76111.51
2023-02-01,23133.6,23873.1,22750.9,23734.2,105752.48
2023-02-02,23734.2,24280.0,23352.3,23488.0,131779.71
2023-02-03,23488.0,23723.3,23204.1,23429.8,89639.52
2023-02-04,23429.8,23590.0,23254.0,23324.0,42591.56
2023-02-05,23323.9,23437.0,22750.0,22936.0,72726.53
2023-02-06,22936.1,23165.6,22612.0,22759.6,81192.51
2023-02-07,22759.9,23357.1,22739.9,23240.7,92347.42
2023-02-08,23240.7,23470.1,22670.2,22966.0,76865.72
2023-02-09,22966.0,23016.6,21698.0,21802.1,164818.2
2023-02-10,21802.1,21940.0,21400.0,21624.2,96313.15
2023-02-11,21624.1,21899.0,21602.8,21860.2,35559.21
2023-02-12,21860.3,22088.0,21631.4,21784.7,60366.59
2023-02-13,21785.9,21898.0,21345.9,21779.3,111400.58
2023-02-14,21778.3,22322.6,21544.0,22196.8,127822.24
2023-02-15,22195.5,24400.0,22045.0,24335.7,184493.14
2023-02-16,24335.7,25251.2,23490.0,23499.0,221008.54
2023-02-17,23499.0,25039.0,23333.0,24579.2,226096.42
2023-02-18,24574.5,24887.1,24422.2,24632.7,65922.97
2023-02-19,24632.7,25200.0,24177.6,24276.5,134362.01
2023-02-20,24275.4,25149.9,23832.5,24845.0,161324.94
2023-02-21,24845.0,25333.0,24142.8,24455.0,179799.03
2023-02-22,24454.4,24475.7,23573.0,24187.5,157604.09
2023-02-23,24187.5,24598.0,23602.3,23940.8,177944.41
2023-02-24,23940.8,24135.7,22828.0,23192.1,159164.76
2023-02-25,23192.1,23220.0,22722.6,23156.0,73519.65
2023-02-26,23155.3,23695.0,23057.6,23555.1,85863.67
2023-02-27,23556.8,23900.0,23096.5,23489.0,125053.92
2023-02-28,23489.0,23599.8,23027.0,23146.5,101921.97
2023-03-01,23145.4,24022.6,23022.7,23633.9,138128.69
2023-03-02,23633.8,23800.0,23189.1,23466.4,103296.74
2023-03-03,23466.3,23479.7,21877.0,22353.7,155663.74
2023-03-04,22353.7,22408.0,22168.1,22351.8,36397.6
2023-03-05,22351.8,22669.6,22178.5,22433.7,65169.89
2023-03-06,22433.6,22599.0,22250.0,22407.4,72654.39
2023-03-07,22407.4,22555.0,21927.0,22200.5,138740.84
2023-03-08,22200.5,22290.4,21566.3,21712.7,147715.39
2023-03-09,21712.6,21828.0,20028.7,20360.8,255883.46
2023-03-10,20360.6,20363.5,19525.0,20155.8,307311.59
2023-03-11,20155.8,20686.5,19766.4,20455.0,189898.63
2023-03-12,20455.0,22200.0,20268.3,21994.9,191014.31
2023-03-13,21995.0,24537.3,21811.3,24106.7,378501.12
2023-03-14,24110.1,26489.7,23953.4,24667.1,406377.1
2023-03-15,24667.2,25221.0,23850.0,24289.7,292658.32
2023-03-16,24283.9,25199.8,24126.3,25002.9,197121.05
2023-03-17,25000.4,27778.3,24900.0,27394.8,369082.35
2023-03-18,27394.8,27727.1,26560.0,26906.7,191887.82
2023-03-19,26910.0,28400.0,26830.9,27964.9,214193.4
2023-03-20,27964.9,28498.0,27132.7,27710.0,246752.1
2023-03-21,27709.9,28460.0,27300.0,28102.4,176071.06
2023-03-22,28102.3,28910.1,26602.6,27247.4,295425.5
2023-03-23,27247.3,28784.8,27113.6,28300.1,224059.89
2023-03-24,28301.9,28378.1,26960.3,27455.2,185120.71
2023-03-25,27455.2,27800.6,27150.1,27466.1,80968.81
2023-03-26,27466.1,28221.7,27415.2,27964.4,105761.37
2023-03-27,27964.4,28027.9,26501.0,27125.3,173438.91
2023-03-28,27125.3,27525.0,26620.5,27265.2,151604.24
2023-03-29,27265.2,28650.0,27243.4,28350.3,182980.81
2023-03-30,28349.0,29189.8,27678.0,28029.8,214859.79
2023-03-31,28029.7,28682.8,27500.0,28460.8,165660.73
2023-04-01,28460.8,28845.2,28211.1,28456.4,69948.32
2023-04-02,28455.5,28530.0,27848.0,28171.5,88124.17
2023-04-03,28171.5,28583.2,27192.6,27800.9,214314.33
2023-04-04,27800.8,28448.0,27661.5,28169.6,124430.43
2023-04-05,28169.6,28796.9,27800.0,28172.0,161818.57
2023-04-06,28172.0,28187.0,27688.0,28034.8,102956.09
2023-04-07,28034.8,28109.4,27768.0,27910.7,62120.97
2023-04-08,27910.8,28160.0,27860.0,27940.4,46646.46
2023-04-09,27940.4,28540.0,27783.8,28325.5,82994.8
2023-04-10,28325.6,29850.0,28160.4,29640.0,177070.22
2023-04-11,29640.0,30587.4,29592.7,30196.1,201516.82
2023-04-12,30196.0,30475.0,29640.0,29895.1,182682.75
2023-04-13,29895.1,30599.8,29859.4,30378.3,137482.0
2023-04-14,30378.4,31068.2,29969.0,30466.1,182793.54
2023-04-15,30466.0,30608.7,30211.0,30293.8,45114.27
2023-04-16,30293.7,30574.5,30120.0,30307.8,56302.07
2023-04-17,30303.0,30318.6,29232.0,29425.0,131603.36
2023-04-18,29425.0,30498.9,29091.5,30383.8,167435.51
2023-04-19,30383.8,30413.1,28551.3,28810.0,209418.99
2023-04-20,28810.0,29084.0,27996.0,28252.8,178605.73
2023-04-21,28253.5,28379.0,27110.0,27265.0,182018.16
2023-04-22,27265.0,27889.0,27145.0,27810.0,85786.89
2023-04-23,27813.0,27813.0,27305.0,27591.3,90527.95
2023-04-24,27591.2,27999.0,26910.0,27515.8,169469.88
2023-04-25,27515.8,28388.0,27184.3,28295.4,141628.27
2023-04-26,28295.5,30084.7,27199.9,28417.1,385073.01
2023-04-27,28417.4,29909.0,28383.1,29480.3,256703.24
2023-04-28,29480.4,29598.0,28880.0,29307.2,157297.66
2023-04-29,29307.2,29444.4,29014.1,29231.4,65869.22
2023-04-30,29231.3,29972.1,29091.0,29245.9,129343.45
2023-05-01,29242.4,29344.0,27666.0,28077.2,194105.32
2023-05-02,28077.2,28886.0,27867.1,28669.5,146547.87
2023-05-03,28669.5,29283.1,28101.1,29036.4,183317.33
2023-05-04,29038.9,29393.8,28669.4,28840.0,117894.02
2023-05-05,28840.0,29698.0,28700.0,29501.0,171344.61
2023-05-06,29501.0,29845.7,28333.0,28845.9,135876.25
2023-05-07,28846.0,29149.0,28388.1,28431.9,93274.29
2023-05-08,28431.9,28629.0,27260.5,27670.9,185642.29
2023-05-09,27672.1,27821.3,27350.0,27632.1,104301.6
2023-05-10,27632.2,28315.5,26710.1,27599.6,232830.32
2023-05-11,27601.9,27630.0,26700.0,26971.6,156574.18
2023-05-12,26971.7,27099.9,25797.1,26794.9,193023.63
2023-05-13,26795.0,27055.0,26690.0,26768.1,68179.3
2023-05-14,26768.1,27200.0,26552.6,26915.9,69810.91
2023-05-15,26914.1,27666.0,26721.0,27167.2,134173.31
2023-05-16,27167.2,27309.3,26850.0,27037.6,122041.37
2023-05-17,27037.5,27550.0,26522.0,27404.1,149601.46
2023-05-18,27404.1,27483.8,26355.5,26820.0,160105.9
2023-05-19,26819.9,27191.5,26619.0,26884.8,92749.98
2023-05-20,26884.4,27148.2,26831.3,27105.2,33702.29
2023-05-21,27105.2,27299.6,26650.4,26747.7,71149.91
2023-05-22,26747.7,27121.0,26527.3,26850.0,104592.24
2023-05-23,26849.9,27500.0,26800.0,27227.9,114698.18
2023-05-24,27227.9,27227.9,26070.2,26327.7,173988.61
2023-05-25,26327.5,26649.0,25860.4,26470.5,114826.4
2023-05-26,26470.5,26945.0,26329.5,26703.4,89832.15
2023-05-27,26703.4,26896.7,26545.5,26849.3,39897.31
2023-05-28,26849.4,28300.0,26766.4,28075.8,148610.57
2023-05-29,28075.9,28456.0,27525.0,27730.2,125647.21
2023-05-30,27730.2,28049.6,27555.0,27695.1,96406.13
2023-05-31,27695.1,27845.6,26811.0,27206.5,151525.27
2023-06-01,27206.5,27357.2,26608.3,26812.6,131402.59
2023-06-02,26812.6,27309.8,26480.5,27238.0,129927.16
2023-06-03,27237.9,27350.0,26913.4,27070.6,51788.47
2023-06-04,27070.6,27478.8,26950.0,27116.5,63956.56
2023-06-05,27116.5,27129.0,25371.0,25723.8,237072.37
2023-06-06,25725.8,27373.0,25343.7,27232.9,255744.67
2023-06-07,27232.9,27402.1,26118.2,26343.2,225187.14
2023-06-08,26343.2,26860.0,26208.8,26502.4,111549.03
2023-06-09,26502.4,26788.0,26279.0,26488.0,89640.44
2023-06-10,26488.0,26541.6,25344.6,25837.9,222585.45
2023-06-11,25837.9,26208.4,25640.0,25924.1,88612.91
2023-06-12,25924.0,26105.0,25605.0,25902.1,105828.6
2023-06-13,25902.2,26440.0,25722.0,25936.8,159943.02
2023-06-14,25936.8,26108.6,24783.3,25127.2,149298.38
2023-06-15,25127.2,25769.5,24781.3,25595.0,152295.37
2023-06-16,25595.0,26518.9,25158.0,26341.1,175955.64
2023-06-17,26341.1,26888.8,26182.5,26513.3,97874.81
2023-06-18,26513.4,26720.1,26250.0,26351.0,82796.91
2023-06-19,26351.0,27087.5,26255.3,26847.0,138448.5
2023-06-20,26847.0,28400.0,26651.9,28294.8,269618.27
2023-06-21,28294.8,30836.5,28252.8,30010.4,395477.58
2023-06-22,30010.3,30510.2,29525.4,29890.0,178393.6
2023-06-23,29889.1,31471.9,29794.0,30693.2,229496.46
2023-06-24,30693.2,30799.0,30240.6,30538.1,98533.51
2023-06-25,30538.0,31049.0,30275.6,30476.3,109596.67
2023-06-26,30476.9,30668.9,29902.2,30273.9,161749.79
2023-06-27,30274.0,31000.0,30230.1,30690.1,145305.66
2023-06-28,30690.0,30706.7,29833.2,30081.7,153937.6
2023-06-29,30081.7,30847.5,30050.0,30458.3,124252.14
2023-06-30,30458.3,31309.9,29431.5,30475.1,299081.72
2023-07-01,30475.1,30672.7,30320.5,30593.9,44679.07
2023-07-02,30594.0,30816.9,30152.3,30620.9,79972.19
2023-07-03,30620.1,31396.3,30572.0,31157.2,128515.66
2023-07-04,31157.3,31333.0,30622.7,30767.4,104516.63
2023-07-05,30767.3,30879.8,30200.0,30497.4,108672.05
2023-07-06,30497.4,31557.3,29844.8,29892.8,245560.28
2023-07-07,29892.8,30459.0,29700.4,30348.1,117695.04
2023-07-08,30348.1,30386.8,30038.4,30284.7,38672.49
2023-07-09,30286.0,30460.0,30062.6,30163.7,52004.76
2023-07-10,30163.7,31058.8,29950.0,30413.8,137878.96
2023-07-11,30413.9,30820.0,30283.8,30620.8,97711.7
2023-07-12,30620.9,30983.8,30190.4,30384.3,136170.58
2023-07-13,30384.3,31855.4,30258.0,31457.5,224120.46
2023-07-14,31457.5,31650.0,29888.0,30303.2,183861.51
2023-07-15,30303.2,30390.8,30231.4,30297.3,34597.49
2023-07-16,30297.2,30444.6,30053.1,30230.8,58746.11
2023-07-17,30230.7,30332.5,29645.0,30141.0,115151.72
2023-07-18,30141.3,30247.3,29490.8,29857.4,117029.42
2023-07-19,29857.4,30195.0,29760.0,29914.0,106621.71
2023-07-20,29914.0,30418.4,29550.0,29807.8,147903.57
2023-07-21,29807.9,30067.5,29721.0,29897.1,73713.52
2023-07-22,29897.1,30010.2,29618.6,29795.3,48063.68
2023-07-23,29794.5,30356.0,29727.8,30081.8,77490.27
2023-07-24,30081.8,30100.0,28854.5,29176.8,166400.64
2023-07-25,29176.7,29379.8,29050.0,29224.8,72063.56
2023-07-26,29224.8,29681.0,29100.0,29351.3,118343.11
2023-07-27,29351.3,29569.0,29078.0,29226.4,82611.36
2023-07-28,29226.4,29544.8,29129.6,29311.5,87778.82
2023-07-29,29311.5,29409.0,29254.7,29349.4,30872.94
2023-07-30,29349.4,29449.5,29028.0,29283.6,63610.22
2023-07-31,29283.6,29540.0,29116.0,29234.1,87501.33
2023-08-01,29234.2,29743.5,28566.0,29708.4,185323.58
2023-08-02,29708.5,30050.0,28920.0,29180.6,198524.59
2023-08-03,29180.5,29433.7,28966.7,29196.6,99091.39
2023-08-04,29196.6,29336.4,28800.0,29120.8,90558.62
2023-08-05,29120.9,29166.0,28988.0,29071.8,30385.63
2023-08-06,29071.9,29209.9,28992.1,29088.8,40436.08
2023-08-07,29088.8,29282.0,28700.0,29211.5,126018.99
2023-08-08,29211.2,30258.0,29140.0,29773.4,187270.16
2023-08-09,29773.4,30138.0,29380.0,29584.4,135583.24
2023-08-10,29584.5,29740.8,29323.0,29459.6,84324.88
2023-08-11,29459.6,29569.0,29242.4,29435.0,69338.6
2023-08-12,29435.0,29489.0,29375.5,29431.9,22604.86
2023-08-13,29431.9,29480.0,29275.0,29308.0,37219.14
2023-08-14,29308.0,29697.5,29093.1,29431.9,133040.54
2023-08-15,29431.9,29508.4,29080.0,29205.8,71371.35
2023-08-16,29205.8,29267.0,28731.0,28737.1,120633.46
2023-08-17,28737.2,28795.0,24098.6,26614.1,391190.86
2023-08-18,26614.1,26830.0,25588.0,26060.2,202829.63
2023-08-19,26060.2,26273.2,25800.0,26102.6,76254.44
2023-08-20,26102.6,26300.0,25960.5,26188.4,53024.88
2023-08-21,26188.4,26266.0,25801.0,26125.9,98538.96
2023-08-22,26125.9,26139.5,25300.0,26055.4,124138.74
2023-08-23,26055.4,26825.0,25813.3,26430.7,170855.41
2023-08-24,26430.1,26579.5,25851.0,26176.3,111099.44
2023-08-25,26176.1,26319.1,25780.0,26060.9,102440.37
2023-08-26,26061.0,26130.0,25981.2,26020.6,22961.95
2023-08-27,26020.5,26185.0,25964.3,26102.3,36237.01
2023-08-28,26102.2,26255.7,25859.6,26116.3,92618.17
2023-08-29,26116.0,28176.1,25921.6,27720.4,299127.45
2023-08-30,27720.3,27772.6,26996.0,27297.0,118548.84
2023-08-31,27297.0,27600.0,25640.4,25942.1,209203.7
2023-09-01,25942.0,26155.8,25325.0,25807.9,139719.38
2023-09-02,25807.9,25985.0,25754.5,25875.1,40189.19
2023-09-03,25875.1,26140.0,25787.8,25971.9,58364.54
2023-09-04,25971.9,26108.2,25622.2,25825.2,78204.32
2023-09-05,25825.3,25909.9,25550.0,25791.0,77046.23
2023-09-06,25791.0,26059.9,25355.0,25761.4,101461.97
2023-09-07,25761.5,26449.6,25616.4,26252.1,108168.34
2023-09-08,26252.1,26443.2,25638.6,25912.9,95914.99
2023-09-09,25913.0,25950.0,25787.3,25904.1,24232.75
2023-09-10,25904.2,26050.0,25540.0,25838.1,63943.3
2023-09-11,25838.2,25910.0,24881.0,25166.1,193638.62
2023-09-12,25166.2,26600.0,25131.0,25844.2,248562.63
2023-09-13,25844.1,26421.5,25759.5,26223.0,131638.87
2023-09-14,26223.0,26882.4,26115.2,26526.6,155155.08
2023-09-15,26526.6,26899.0,26222.2,26600.7,101966.19
2023-09-16,26600.7,26794.5,26441.1,26560.6,54405.71
2023-09-17,26560.5,26622.0,26400.0,26528.0,42605.75
2023-09-18,26528.0,27415.0,26367.7,26760.2,193158.35
2023-09-19,26760.3,27498.0,26668.7,27207.1,171589.52
2023-09-20,27207.1,27388.0,26767.8,27120.0,129752.9
2023-09-21,27120.0,27165.0,26375.0,26563.6,124174.49
2023-09-22,26563.7,26745.9,26460.1,26580.7,67973.71
2023-09-23,26580.7,26636.0,26515.0,26577.3,21410.97
2023-09-24,26577.3,26741.1,26099.7,26241.5,58665.37
2023-09-25,26242.0,26445.5,25980.5,26300.3,110151.76
2023-09-26,26300.2,26397.0,26083.5,26225.3,71520.13
2023-09-27,26225.2,26849.0,26106.0,26373.3,144337.85
2023-09-28,26373.2,27327.4,26336.9,27021.7,172773.59
2023-09-29,27022.2,27247.7,26650.0,26909.7,112068.0
2023-09-30,26909.8,27093.8,26884.5,26963.1,32398.97
2023-10-01,26963.0,28521.6,26954.0,28005.1,97574.89
2023-10-02,28005.2,28607.8,27273.5,27496.7,218534.67
2023-10-03,27496.7,27668.0,27150.9,27425.4,98244.94
2023-10-04,27425.4,27844.5,27200.0,27773.8,107855.28
2023-10-05,27773.9,28131.9,27350.0,27411.9,145332.93
2023-10-06,27411.9,28333.0,27169.1,27927.0,175604.98
2023-10-07,27927.1,28027.4,27841.8,27956.7,37968.64
2023-10-08,27956.7,28096.8,27676.0,27916.0,77569.75
2023-10-09,27916.0,27995.0,27260.0,27590.9,125427.84
2023-10-10,27590.5,27737.8,27294.1,27390.0,98382.05
2023-10-11,27389.9,27483.8,26531.1,26876.0,169402.48
2023-10-12,26876.0,26948.0,26545.5,26760.1,90058.86
2023-10-13,26760.1,27130.0,26681.0,26866.6,97920.72
2023-10-14,26866.6,26990.0,26774.1,26852.1,29601.05
2023-10-15,26852.0,27294.3,26808.0,27150.9,61884.25
2023-10-16,27151.0,30680.0,27106.5,28493.5,365790.08
2023-10-17,28493.6,28618.7,28068.0,28397.1,126278.2
2023-10-18,28397.2,29000.0,28132.0,28324.6,135979.06
2023-10-19,28324.6,28975.7,28092.4,28709.9,149425.56
2023-10-20,28710.0,30279.8,28571.3,29661.0,243720.51
2023-10-21,29661.0,30399.5,29465.5,29912.5,103257.09
2023-10-22,29912.4,30323.7,29626.5,29999.8,84840.44
2023-10-23,29999.7,35998.0,29880.8,33098.3,440602.54
2023-10-24,33098.3,35300.0,32857.1,33926.0,386639.87
2023-10-25,33926.1,35160.0,33677.7,34502.9,187639.3
2023-10-26,34503.0,34841.7,33746.2,34156.1,135148.21
2023-10-27,34156.1,34254.0,33350.0,33891.2,108138.15
2023-10-28,33891.3,34557.7,33866.2,34085.3,61023.85
2023-10-29,34085.2,34776.6,33929.2,34524.6,70571.33
2023-10-30,34524.5,34882.2,34004.7,34476.7,120514.77
2023-10-31,34476.6,34750.0,34020.0,34642.2,104464.92
2023-11-01,34642.2,35735.6,34051.0,35418.3,175982.38
2023-11-02,35418.4,35996.4,34283.1,34943.1,174653.3
2023-11-03,34943.2,34949.1,34123.0,34714.0,137732.25
2023-11-04,34714.0,35273.2,34588.9,35067.9,59100.84
2023-11-05,35068.0,35432.8,34388.0,35019.9,100206.43
2023-11-06,35018.1,35283.3,34730.1,35051.3,85328.21
2023-11-07,35051.4,35915.0,34516.5,35403.9,135895.28
2023-11-08,35404.0,36130.0,35078.6,35620.7,128081.65
2023-11-09,35620.7,38129.5,35518.8,36709.0,344581.54
2023-11-10,36708.9,37572.3,36331.6,37307.3,122131.45
2023-11-11,37307.4,37399.5,36613.0,37141.3,61496.89
2023-11-12,37141.3,37232.2,36734.1,37070.9,42928.5
2023-11-13,37070.8,37455.5,36333.3,36466.1,106620.01
2023-11-14,36466.0,36754.7,34455.0,35542.4,165253.63
2023-11-15,35538.5,37983.2,35356.7,37869.8,178838.24
2023-11-16,37869.9,37942.0,35490.0,36162.0,172850.92
2023-11-17,36161.8,36940.0,35862.2,36611.0,128612.58
2023-11-18,36611.1,36859.1,36184.0,36578.3,45354.54
2023-11-19,36578.3,37516.7,36384.1,37371.7,62529.81
2023-11-20,37371.7,37770.0,36567.4,37446.9,135225.48
2023-11-21,37446.9,37661.5,35722.0,35736.0,201577.43
2023-11-22,35735.2,37878.0,35603.8,37416.5,138631.37
2023-11-23,37416.4,37650.6,36862.0,37300.3,77898.08
2023-11-24,37300.4,38437.2,37256.7,37712.9,156018.31
2023-11-25,37712.9,37890.0,37585.0,37779.4,32467.71
2023-11-26,37779.3,37826.3,37124.8,37450.0,73090.95
2023-11-27,37449.9,37565.6,36711.7,37245.9,105920.47
2023-11-28,37246.0,38400.0,36872.0,37821.5,140549.83
2023-11-29,37821.5,38504.0,37555.0,37855.2,121021.15
2023-11-30,37855.2,38139.7,37411.0,37729.7,87939.7
2023-12-01,37729.7,39000.0,37615.7,38680.0,152968.39
2023-12-02,38680.0,39900.0,38640.0,39453.0,92577.38
2023-12-03,39453.0,40417.2,39276.0,39988.4,93304.5
2023-12-04,39988.4,42449.5,39984.9,41993.4,262391.07
2023-12-05,41993.3,44547.4,41392.5,44091.9,245305.79
2023-12-06,44092.0,44329.4,43350.8,43761.4,167418.78
2023-12-07,43763.6,44064.3,42850.0,43296.2,153312.08
2023-12-08,43290.3,44747.0,43081.0,44182.8,129994.33
2023-12-09,44182.8,44378.0,43500.0,43719.0,76219.23
2023-12-10,43719.1,44075.4,43502.0,43788.1,56857.08
2023-12-11,43788.0,43819.0,40200.0,41246.7,292902.4
2023-12-12,41246.6,42116.0,40682.8,41504.0,153875.21
2023-12-13,41503.9,43525.5,40518.8,42874.1,173801.04
2023-12-14,42874.0,43445.5,41216.1,43025.9,169703.8
2023-12-15,43025.8,43093.0,41652.0,41946.6,118364.35
2023-12-16,41946.7,42729.0,41600.0,42283.3,68427.12
2023-12-17,42283.3,42446.4,41245.6,41379.9,97876.94
2023-12-18,41380.0,42774.7,40555.0,42647.4,158114.34
2023-12-19,42645.7,43500.0,41813.0,42284.0,136258.9
2023-12-20,42283.9,44341.5,42201.2,43682.6,180347.28
2023-12-21,43682.7,44267.2,43305.1,43877.0,122836.92
2023-12-22,43877.0,44444.0,43405.0,43984.8,105558.25
2023-12-23,43984.9,44005.7,43268.9,43705.8,47607.74
2023-12-24,43705.9,43968.0,42506.0,42987.6,71724.03
2023-12-25,42987.6,43835.0,42723.2,43589.6,76517.86
2023-12-26,43589.6,43610.0,41625.0,42522.5,125121.27
2023-12-27,42522.6,43670.0,42120.3,43412.7,107120.65
2023-12-28,43412.8,43826.5,42260.0,42580.0,110472.28
2023-12-29,42580.1,43141.2,41234.6,42071.0,147417.18
2023-12-30,42071.1,42638.0,41533.0,42158.0,78665.57
2023-12-31,42157.9,42918.0,41967.2,42297.7,76650.29
