info,symbol,fundingRate,timestamp,datetime
"{'formulaType': 'withRate', 'fundingRate': '0.0001', 'fundingTime': '1754496000000', 'instId': 'ETH-USDT-SWAP', 'instType': 'SWAP', 'method': 'current_period', 'realizedRate': '0.0001'}",ETH/USDT:USDT,0.0001,2025-08-06 16:00:00,2025-08-06T16:00:00.000Z
"{'formulaType': 'withRate', 'fundingRate': '0.0000474615582512', 'fundingTime': '1754524800000', 'instId': 'ETH-USDT-SWAP', 'instType': 'SWAP', 'method': 'current_period', 'realizedRate': '0.0000474615582512'}",ETH/USDT:USDT,4.74615582512e-05,2025-08-07 00:00:00,2025-08-07T00:00:00.000Z
"{'formulaType': 'withRate', 'fundingRate': '-0.0000015902831952', 'fundingTime': '1754553600000', 'instId': 'ETH-USDT-SWAP', 'instType': 'SWAP', 'method': 'current_period', 'realizedRate': '-0.0000015902831952'}",ETH/USDT:USDT,-1.5902831952e-06,2025-08-07 08:00:00,2025-08-07T08:00:00.000Z
"{'formulaType': 'withRate', 'fundingRate': '0.0000524795542033', 'fundingTime': '1754582400000', 'instId': 'ETH-USDT-SWAP', 'instType': 'SWAP', 'method': 'current_period', 'realizedRate': '0.0000524795542033'}",ETH/USDT:USDT,5.24795542033e-05,2025-08-07 16:00:00,2025-08-07T16:00:00.000Z
"{'formulaType': 'withRate', 'fundingRate': '0.0000000120167875', 'fundingTime': '1754611200000', 'instId': 'ETH-USDT-SWAP', 'instType': 'SWAP', 'method': 'current_period', 'realizedRate': '0.0000000120167875'}",ETH/USDT:USDT,1.20167875e-08,2025-08-08 00:00:00,2025-08-08T00:00:00.000Z
"{'formulaType': 'withRate', 'fundingRate': '0.0001', 'fundingTime': '1754640000000', 'instId': 'ETH-USDT-SWAP', 'instType': 'SWAP', 'method': 'current_period', 'realizedRate': '0.0001'}",ETH/USDT:USDT,0.0001,2025-08-08 08:00:00,2025-08-08T08:00:00.000Z
"{'formulaType': 'withRate', 'fundingRate': '0.0001', 'fundingTime': '1754668800000', 'instId': 'ETH-USDT-SWAP', 'instType': 'SWAP', 'method': 'current_period', 'realizedRate': '0.0001'}",ETH/USDT:USDT,0.0001,2025-08-08 16:00:00,2025-08-08T16:00:00.000Z
"{'formulaType': 'withRate', 'fundingRate': '0.0001', 'fundingTime': '1754697600000', 'instId': 'ETH-USDT-SWAP', 'instType': 'SWAP', 'method': 'current_period', 'realizedRate': '0.0001'}",ETH/USDT:USDT,0.0001,2025-08-09 00:00:00,2025-08-09T00:00:00.000Z
"{'formulaType': 'withRate', 'fundingRate': '0.0001', 'fundingTime': '1754726400000', 'instId': 'ETH-USDT-SWAP', 'instType': 'SWAP', 'method': 'current_period', 'realizedRate': '0.0001'}",ETH/USDT:USDT,0.0001,2025-08-09 08:00:00,2025-08-09T08:00:00.000Z
"{'formulaType': 'withRate', 'fundingRate': '0.0001', 'fundingTime': '1754755200000', 'instId': 'ETH-USDT-SWAP', 'instType': 'SWAP', 'method': 'current_period', 'realizedRate': '0.0001'}",ETH/USDT:USDT,0.0001,2025-08-09 16:00:00,2025-08-09T16:00:00.000Z
"{'formulaType': 'withRate', 'fundingRate': '0.0001', 'fundingTime': '1754784000000', 'instId': 'ETH-USDT-SWAP', 'instType': 'SWAP', 'method': 'current_period', 'realizedRate': '0.0001'}",ETH/USDT:USDT,0.0001,2025-08-10 00:00:00,2025-08-10T00:00:00.000Z
"{'formulaType': 'withRate', 'fundingRate': '0.0001', 'fundingTime': '1754812800000', 'instId': 'ETH-USDT-SWAP', 'instType': 'SWAP', 'method': 'current_period', 'realizedRate': '0.0001'}",ETH/USDT:USDT,0.0001,2025-08-10 08:00:00,2025-08-10T08:00:00.000Z
"{'formulaType': 'withRate', 'fundingRate': '0.0001', 'fundingTime': '1754841600000', 'instId': 'ETH-USDT-SWAP', 'instType': 'SWAP', 'method': 'current_period', 'realizedRate': '0.0001'}",ETH/USDT:USDT,0.0001,2025-08-10 16:00:00,2025-08-10T16:00:00.000Z
"{'formulaType': 'withRate', 'fundingRate': '0.0001', 'fundingTime': '1754870400000', 'instId': 'ETH-USDT-SWAP', 'instType': 'SWAP', 'method': 'current_period', 'realizedRate': '0.0001'}",ETH/USDT:USDT,0.0001,2025-08-11 00:00:00,2025-08-11T00:00:00.000Z
"{'formulaType': 'withRate', 'fundingRate': '0.0001', 'fundingTime': '1754899200000', 'instId': 'ETH-USDT-SWAP', 'instType': 'SWAP', 'method': 'current_period', 'realizedRate': '0.0001'}",ETH/USDT:USDT,0.0001,2025-08-11 08:00:00,2025-08-11T08:00:00.000Z
"{'formulaType': 'withRate', 'fundingRate': '0.0001', 'fundingTime': '1754928000000', 'instId': 'ETH-USDT-SWAP', 'instType': 'SWAP', 'method': 'current_period', 'realizedRate': '0.0001'}",ETH/USDT:USDT,0.0001,2025-08-11 16:00:00,2025-08-11T16:00:00.000Z
"{'formulaType': 'withRate', 'fundingRate': '0.0001', 'fundingTime': '1754956800000', 'instId': 'ETH-USDT-SWAP', 'instType': 'SWAP', 'method': 'current_period', 'realizedRate': '0.0001'}",ETH/USDT:USDT,0.0001,2025-08-12 00:00:00,2025-08-12T00:00:00.000Z
"{'formulaType': 'withRate', 'fundingRate': '0.0001', 'fundingTime': '1754985600000', 'instId': 'ETH-USDT-SWAP', 'instType': 'SWAP', 'method': 'current_period', 'realizedRate': '0.0001'}",ETH/USDT:USDT,0.0001,2025-08-12 08:00:00,2025-08-12T08:00:00.000Z
"{'formulaType': 'withRate', 'fundingRate': '0.0000469292162976', 'fundingTime': '1755014400000', 'instId': 'ETH-USDT-SWAP', 'instType': 'SWAP', 'method': 'current_period', 'realizedRate': '0.0000469292162976'}",ETH/USDT:USDT,4.69292162976e-05,2025-08-12 16:00:00,2025-08-12T16:00:00.000Z
"{'formulaType': 'withRate', 'fundingRate': '0.0001', 'fundingTime': '1755043200000', 'instId': 'ETH-USDT-SWAP', 'instType': 'SWAP', 'method': 'current_period', 'realizedRate': '0.0001'}",ETH/USDT:USDT,0.0001,2025-08-13 00:00:00,2025-08-13T00:00:00.000Z
"{'formulaType': 'withRate', 'fundingRate': '0.0001', 'fundingTime': '1755072000000', 'instId': 'ETH-USDT-SWAP', 'instType': 'SWAP', 'method': 'current_period', 'realizedRate': '0.0001'}",ETH/USDT:USDT,0.0001,2025-08-13 08:00:00,2025-08-13T08:00:00.000Z
"{'formulaType': 'withRate', 'fundingRate': '0.0001', 'fundingTime': '1755100800000', 'instId': 'ETH-USDT-SWAP', 'instType': 'SWAP', 'method': 'current_period', 'realizedRate': '0.0001'}",ETH/USDT:USDT,0.0001,2025-08-13 16:00:00,2025-08-13T16:00:00.000Z
"{'formulaType': 'withRate', 'fundingRate': '0.0001', 'fundingTime': '1755129600000', 'instId': 'ETH-USDT-SWAP', 'instType': 'SWAP', 'method': 'current_period', 'realizedRate': '0.0001'}",ETH/USDT:USDT,0.0001,2025-08-14 00:00:00,2025-08-14T00:00:00.000Z
"{'formulaType': 'withRate', 'fundingRate': '0.0001', 'fundingTime': '1755158400000', 'instId': 'ETH-USDT-SWAP', 'instType': 'SWAP', 'method': 'current_period', 'realizedRate': '0.0001'}",ETH/USDT:USDT,0.0001,2025-08-14 08:00:00,2025-08-14T08:00:00.000Z
"{'formulaType': 'withRate', 'fundingRate': '0.0001', 'fundingTime': '1755187200000', 'instId': 'ETH-USDT-SWAP', 'instType': 'SWAP', 'method': 'current_period', 'realizedRate': '0.0001'}",ETH/USDT:USDT,0.0001,2025-08-14 16:00:00,2025-08-14T16:00:00.000Z
"{'formulaType': 'withRate', 'fundingRate': '0.0001', 'fundingTime': '1755216000000', 'instId': 'ETH-USDT-SWAP', 'instType': 'SWAP', 'method': 'current_period', 'realizedRate': '0.0001'}",ETH/USDT:USDT,0.0001,2025-08-15 00:00:00,2025-08-15T00:00:00.000Z
"{'formulaType': 'withRate', 'fundingRate': '0.0001', 'fundingTime': '1755244800000', 'instId': 'ETH-USDT-SWAP', 'instType': 'SWAP', 'method': 'current_period', 'realizedRate': '0.0001'}",ETH/USDT:USDT,0.0001,2025-08-15 08:00:00,2025-08-15T08:00:00.000Z
"{'formulaType': 'withRate', 'fundingRate': '0.0001', 'fundingTime': '1755273600000', 'instId': 'ETH-USDT-SWAP', 'instType': 'SWAP', 'method': 'current_period', 'realizedRate': '0.0001'}",ETH/USDT:USDT,0.0001,2025-08-15 16:00:00,2025-08-15T16:00:00.000Z
"{'formulaType': 'withRate', 'fundingRate': '0.0001', 'fundingTime': '1755302400000', 'instId': 'ETH-USDT-SWAP', 'instType': 'SWAP', 'method': 'current_period', 'realizedRate': '0.0001'}",ETH/USDT:USDT,0.0001,2025-08-16 00:00:00,2025-08-16T00:00:00.000Z
"{'formulaType': 'withRate', 'fundingRate': '0.0001', 'fundingTime': '1755331200000', 'instId': 'ETH-USDT-SWAP', 'instType': 'SWAP', 'method': 'current_period', 'realizedRate': '0.0001'}",ETH/USDT:USDT,0.0001,2025-08-16 08:00:00,2025-08-16T08:00:00.000Z
"{'formulaType': 'withRate', 'fundingRate': '0.0001', 'fundingTime': '1755360000000', 'instId': 'ETH-USDT-SWAP', 'instType': 'SWAP', 'method': 'current_period', 'realizedRate': '0.0001'}",ETH/USDT:USDT,0.0001,2025-08-16 16:00:00,2025-08-16T16:00:00.000Z
"{'formulaType': 'withRate', 'fundingRate': '0.0000578041075078', 'fundingTime': '1755388800000', 'instId': 'ETH-USDT-SWAP', 'instType': 'SWAP', 'method': 'current_period', 'realizedRate': '0.0000578041075078'}",ETH/USDT:USDT,5.78041075078e-05,2025-08-17 00:00:00,2025-08-17T00:00:00.000Z
"{'formulaType': 'withRate', 'fundingRate': '0.0000033737617807', 'fundingTime': '1755417600000', 'instId': 'ETH-USDT-SWAP', 'instType': 'SWAP', 'method': 'current_period', 'realizedRate': '0.0000033737617807'}",ETH/USDT:USDT,3.3737617807e-06,2025-08-17 08:00:00,2025-08-17T08:00:00.000Z
"{'formulaType': 'withRate', 'fundingRate': '0.0000497089712011', 'fundingTime': '1755446400000', 'instId': 'ETH-USDT-SWAP', 'instType': 'SWAP', 'method': 'current_period', 'realizedRate': '0.0000497089712011'}",ETH/USDT:USDT,4.97089712011e-05,2025-08-17 16:00:00,2025-08-17T16:00:00.000Z
"{'formulaType': 'withRate', 'fundingRate': '0.0000560064923358', 'fundingTime': '1755475200000', 'instId': 'ETH-USDT-SWAP', 'instType': 'SWAP', 'method': 'current_period', 'realizedRate': '0.0000560064923358'}",ETH/USDT:USDT,5.60064923358e-05,2025-08-18 00:00:00,2025-08-18T00:00:00.000Z
"{'formulaType': 'withRate', 'fundingRate': '0.0000951682926315', 'fundingTime': '1755504000000', 'instId': 'ETH-USDT-SWAP', 'instType': 'SWAP', 'method': 'current_period', 'realizedRate': '0.0000951682926315'}",ETH/USDT:USDT,9.51682926315e-05,2025-08-18 08:00:00,2025-08-18T08:00:00.000Z
"{'formulaType': 'withRate', 'fundingRate': '0.0001', 'fundingTime': '1755532800000', 'instId': 'ETH-USDT-SWAP', 'instType': 'SWAP', 'method': 'current_period', 'realizedRate': '0.0001'}",ETH/USDT:USDT,0.0001,2025-08-18 16:00:00,2025-08-18T16:00:00.000Z
"{'formulaType': 'withRate', 'fundingRate': '0.0001', 'fundingTime': '1755561600000', 'instId': 'ETH-USDT-SWAP', 'instType': 'SWAP', 'method': 'current_period', 'realizedRate': '0.0001'}",ETH/USDT:USDT,0.0001,2025-08-19 00:00:00,2025-08-19T00:00:00.000Z
"{'formulaType': 'withRate', 'fundingRate': '0.0001', 'fundingTime': '1755590400000', 'instId': 'ETH-USDT-SWAP', 'instType': 'SWAP', 'method': 'current_period', 'realizedRate': '0.0001'}",ETH/USDT:USDT,0.0001,2025-08-19 08:00:00,2025-08-19T08:00:00.000Z
"{'formulaType': 'withRate', 'fundingRate': '0.0001', 'fundingTime': '1755619200000', 'instId': 'ETH-USDT-SWAP', 'instType': 'SWAP', 'method': 'current_period', 'realizedRate': '0.0001'}",ETH/USDT:USDT,0.0001,2025-08-19 16:00:00,2025-08-19T16:00:00.000Z
"{'formulaType': 'withRate', 'fundingRate': '0.0001', 'fundingTime': '1755648000000', 'instId': 'ETH-USDT-SWAP', 'instType': 'SWAP', 'method': 'current_period', 'realizedRate': '0.0001'}",ETH/USDT:USDT,0.0001,2025-08-20 00:00:00,2025-08-20T00:00:00.000Z
"{'formulaType': 'withRate', 'fundingRate': '0.0001', 'fundingTime': '1755676800000', 'instId': 'ETH-USDT-SWAP', 'instType': 'SWAP', 'method': 'current_period', 'realizedRate': '0.0001'}",ETH/USDT:USDT,0.0001,2025-08-20 08:00:00,2025-08-20T08:00:00.000Z
"{'formulaType': 'withRate', 'fundingRate': '0.0001', 'fundingTime': '1755705600000', 'instId': 'ETH-USDT-SWAP', 'instType': 'SWAP', 'method': 'current_period', 'realizedRate': '0.0001'}",ETH/USDT:USDT,0.0001,2025-08-20 16:00:00,2025-08-20T16:00:00.000Z
"{'formulaType': 'withRate', 'fundingRate': '0.0000451851453741', 'fundingTime': '1755734400000', 'instId': 'ETH-USDT-SWAP', 'instType': 'SWAP', 'method': 'current_period', 'realizedRate': '0.0000451851453741'}",ETH/USDT:USDT,4.51851453741e-05,2025-08-21 00:00:00,2025-08-21T00:00:00.000Z
"{'formulaType': 'withRate', 'fundingRate': '0.0000533742507513', 'fundingTime': '1755763200000', 'instId': 'ETH-USDT-SWAP', 'instType': 'SWAP', 'method': 'current_period', 'realizedRate': '0.0000533742507513'}",ETH/USDT:USDT,5.33742507513e-05,2025-08-21 08:00:00,2025-08-21T08:00:00.000Z
"{'formulaType': 'withRate', 'fundingRate': '0.0001', 'fundingTime': '1755792000000', 'instId': 'ETH-USDT-SWAP', 'instType': 'SWAP', 'method': 'current_period', 'realizedRate': '0.0001'}",ETH/USDT:USDT,0.0001,2025-08-21 16:00:00,2025-08-21T16:00:00.000Z
"{'formulaType': 'withRate', 'fundingRate': '0.0001', 'fundingTime': '1755820800000', 'instId': 'ETH-USDT-SWAP', 'instType': 'SWAP', 'method': 'current_period', 'realizedRate': '0.0001'}",ETH/USDT:USDT,0.0001,2025-08-22 00:00:00,2025-08-22T00:00:00.000Z
"{'formulaType': 'withRate', 'fundingRate': '0.0001', 'fundingTime': '1755849600000', 'instId': 'ETH-USDT-SWAP', 'instType': 'SWAP', 'method': 'current_period', 'realizedRate': '0.0001'}",ETH/USDT:USDT,0.0001,2025-08-22 08:00:00,2025-08-22T08:00:00.000Z
"{'formulaType': 'withRate', 'fundingRate': '0.0001', 'fundingTime': '1755878400000', 'instId': 'ETH-USDT-SWAP', 'instType': 'SWAP', 'method': 'current_period', 'realizedRate': '0.0001'}",ETH/USDT:USDT,0.0001,2025-08-22 16:00:00,2025-08-22T16:00:00.000Z
"{'formulaType': 'withRate', 'fundingRate': '0.0001', 'fundingTime': '1755907200000', 'instId': 'ETH-USDT-SWAP', 'instType': 'SWAP', 'method': 'current_period', 'realizedRate': '0.0001'}",ETH/USDT:USDT,0.0001,2025-08-23 00:00:00,2025-08-23T00:00:00.000Z
"{'formulaType': 'withRate', 'fundingRate': '0.0001', 'fundingTime': '1755936000000', 'instId': 'ETH-USDT-SWAP', 'instType': 'SWAP', 'method': 'current_period', 'realizedRate': '0.0001'}",ETH/USDT:USDT,0.0001,2025-08-23 08:00:00,2025-08-23T08:00:00.000Z
"{'formulaType': 'withRate', 'fundingRate': '0.0001', 'fundingTime': '1755964800000', 'instId': 'ETH-USDT-SWAP', 'instType': 'SWAP', 'method': 'current_period', 'realizedRate': '0.0001'}",ETH/USDT:USDT,0.0001,2025-08-23 16:00:00,2025-08-23T16:00:00.000Z
"{'formulaType': 'withRate', 'fundingRate': '0.0001', 'fundingTime': '1755993600000', 'instId': 'ETH-USDT-SWAP', 'instType': 'SWAP', 'method': 'current_period', 'realizedRate': '0.0001'}",ETH/USDT:USDT,0.0001,2025-08-24 00:00:00,2025-08-24T00:00:00.000Z
"{'formulaType': 'withRate', 'fundingRate': '0.0001', 'fundingTime': '1756022400000', 'instId': 'ETH-USDT-SWAP', 'instType': 'SWAP', 'method': 'current_period', 'realizedRate': '0.0001'}",ETH/USDT:USDT,0.0001,2025-08-24 08:00:00,2025-08-24T08:00:00.000Z
"{'formulaType': 'withRate', 'fundingRate': '0.0001', 'fundingTime': '1756051200000', 'instId': 'ETH-USDT-SWAP', 'instType': 'SWAP', 'method': 'current_period', 'realizedRate': '0.0001'}",ETH/USDT:USDT,0.0001,2025-08-24 16:00:00,2025-08-24T16:00:00.000Z
"{'formulaType': 'withRate', 'fundingRate': '0.0001', 'fundingTime': '1756080000000', 'instId': 'ETH-USDT-SWAP', 'instType': 'SWAP', 'method': 'current_period', 'realizedRate': '0.0001'}",ETH/USDT:USDT,0.0001,2025-08-25 00:00:00,2025-08-25T00:00:00.000Z
"{'formulaType': 'withRate', 'fundingRate': '0.0001', 'fundingTime': '1756108800000', 'instId': 'ETH-USDT-SWAP', 'instType': 'SWAP', 'method': 'current_period', 'realizedRate': '0.0001'}",ETH/USDT:USDT,0.0001,2025-08-25 08:00:00,2025-08-25T08:00:00.000Z
"{'formulaType': 'withRate', 'fundingRate': '0.0001', 'fundingTime': '1756137600000', 'instId': 'ETH-USDT-SWAP', 'instType': 'SWAP', 'method': 'current_period', 'realizedRate': '0.0001'}",ETH/USDT:USDT,0.0001,2025-08-25 16:00:00,2025-08-25T16:00:00.000Z
"{'formulaType': 'withRate', 'fundingRate': '0.0000594321077287', 'fundingTime': '1756166400000', 'instId': 'ETH-USDT-SWAP', 'instType': 'SWAP', 'method': 'current_period', 'realizedRate': '0.0000594321077287'}",ETH/USDT:USDT,5.94321077287e-05,2025-08-26 00:00:00,2025-08-26T00:00:00.000Z
"{'formulaType': 'withRate', 'fundingRate': '-0.0000159582757093', 'fundingTime': '1756195200000', 'instId': 'ETH-USDT-SWAP', 'instType': 'SWAP', 'method': 'current_period', 'realizedRate': '-0.0000159582757093'}",ETH/USDT:USDT,-1.59582757093e-05,2025-08-26 08:00:00,2025-08-26T08:00:00.000Z
"{'formulaType': 'withRate', 'fundingRate': '-0.0000146630379648', 'fundingTime': '1756224000000', 'instId': 'ETH-USDT-SWAP', 'instType': 'SWAP', 'method': 'current_period', 'realizedRate': '-0.0000146630379648'}",ETH/USDT:USDT,-1.46630379648e-05,2025-08-26 16:00:00,2025-08-26T16:00:00.000Z
"{'formulaType': 'withRate', 'fundingRate': '-0.0000570754190311', 'fundingTime': '1756252800000', 'instId': 'ETH-USDT-SWAP', 'instType': 'SWAP', 'method': 'current_period', 'realizedRate': '-0.0000570754190311'}",ETH/USDT:USDT,-5.70754190311e-05,2025-08-27 00:00:00,2025-08-27T00:00:00.000Z
"{'formulaType': 'withRate', 'fundingRate': '0.000025226878375', 'fundingTime': '1756281600000', 'instId': 'ETH-USDT-SWAP', 'instType': 'SWAP', 'method': 'current_period', 'realizedRate': '0.000025226878375'}",ETH/USDT:USDT,2.5226878375e-05,2025-08-27 08:00:00,2025-08-27T08:00:00.000Z
"{'formulaType': 'withRate', 'fundingRate': '0.0000266072618951', 'fundingTime': '1756310400000', 'instId': 'ETH-USDT-SWAP', 'instType': 'SWAP', 'method': 'current_period', 'realizedRate': '0.0000266072618951'}",ETH/USDT:USDT,2.66072618951e-05,2025-08-27 16:00:00,2025-08-27T16:00:00.000Z
"{'formulaType': 'withRate', 'fundingRate': '0.0000861693075833', 'fundingTime': '1756339200000', 'instId': 'ETH-USDT-SWAP', 'instType': 'SWAP', 'method': 'current_period', 'realizedRate': '0.0000861693075833'}",ETH/USDT:USDT,8.61693075833e-05,2025-08-28 00:00:00,2025-08-28T00:00:00.000Z
"{'formulaType': 'withRate', 'fundingRate': '0.000048519437345', 'fundingTime': '1756368000000', 'instId': 'ETH-USDT-SWAP', 'instType': 'SWAP', 'method': 'current_period', 'realizedRate': '0.000048519437345'}",ETH/USDT:USDT,4.8519437345e-05,2025-08-28 08:00:00,2025-08-28T08:00:00.000Z
"{'formulaType': 'withRate', 'fundingRate': '0.0001', 'fundingTime': '1756396800000', 'instId': 'ETH-USDT-SWAP', 'instType': 'SWAP', 'method': 'current_period', 'realizedRate': '0.0001'}",ETH/USDT:USDT,0.0001,2025-08-28 16:00:00,2025-08-28T16:00:00.000Z
"{'formulaType': 'withRate', 'fundingRate': '0.000064366204861', 'fundingTime': '1756425600000', 'instId': 'ETH-USDT-SWAP', 'instType': 'SWAP', 'method': 'current_period', 'realizedRate': '0.000064366204861'}",ETH/USDT:USDT,6.4366204861e-05,2025-08-29 00:00:00,2025-08-29T00:00:00.000Z
"{'formulaType': 'withRate', 'fundingRate': '0.0001', 'fundingTime': '1756454400000', 'instId': 'ETH-USDT-SWAP', 'instType': 'SWAP', 'method': 'current_period', 'realizedRate': '0.0001'}",ETH/USDT:USDT,0.0001,2025-08-29 08:00:00,2025-08-29T08:00:00.000Z
"{'formulaType': 'withRate', 'fundingRate': '0.0000816424469197', 'fundingTime': '1756483200000', 'instId': 'ETH-USDT-SWAP', 'instType': 'SWAP', 'method': 'current_period', 'realizedRate': '0.0000816424469197'}",ETH/USDT:USDT,8.16424469197e-05,2025-08-29 16:00:00,2025-08-29T16:00:00.000Z
"{'formulaType': 'withRate', 'fundingRate': '0.0001', 'fundingTime': '1756512000000', 'instId': 'ETH-USDT-SWAP', 'instType': 'SWAP', 'method': 'current_period', 'realizedRate': '0.0001'}",ETH/USDT:USDT,0.0001,2025-08-30 00:00:00,2025-08-30T00:00:00.000Z
"{'formulaType': 'withRate', 'fundingRate': '0.0000058510485092', 'fundingTime': '1756540800000', 'instId': 'ETH-USDT-SWAP', 'instType': 'SWAP', 'method': 'current_period', 'realizedRate': '0.0000058510485092'}",ETH/USDT:USDT,5.8510485092e-06,2025-08-30 08:00:00,2025-08-30T08:00:00.000Z
"{'formulaType': 'withRate', 'fundingRate': '0.0000519177738143', 'fundingTime': '1756569600000', 'instId': 'ETH-USDT-SWAP', 'instType': 'SWAP', 'method': 'current_period', 'realizedRate': '0.0000519177738143'}",ETH/USDT:USDT,5.19177738143e-05,2025-08-30 16:00:00,2025-08-30T16:00:00.000Z
"{'formulaType': 'withRate', 'fundingRate': '0.0000564936361055', 'fundingTime': '1756598400000', 'instId': 'ETH-USDT-SWAP', 'instType': 'SWAP', 'method': 'current_period', 'realizedRate': '0.0000564936361055'}",ETH/USDT:USDT,5.64936361055e-05,2025-08-31 00:00:00,2025-08-31T00:00:00.000Z
"{'formulaType': 'withRate', 'fundingRate': '0.0000209245449475', 'fundingTime': '1756627200000', 'instId': 'ETH-USDT-SWAP', 'instType': 'SWAP', 'method': 'current_period', 'realizedRate': '0.0000209245449475'}",ETH/USDT:USDT,2.09245449475e-05,2025-08-31 08:00:00,2025-08-31T08:00:00.000Z
"{'formulaType': 'withRate', 'fundingRate': '0.0000167346479502', 'fundingTime': '1756656000000', 'instId': 'ETH-USDT-SWAP', 'instType': 'SWAP', 'method': 'current_period', 'realizedRate': '0.0000167346479502'}",ETH/USDT:USDT,1.67346479502e-05,2025-08-31 16:00:00,2025-08-31T16:00:00.000Z
"{'formulaType': 'withRate', 'fundingRate': '-0.0000243310139367', 'fundingTime': '1756684800000', 'instId': 'ETH-USDT-SWAP', 'instType': 'SWAP', 'method': 'current_period', 'realizedRate': '-0.0000243310139367'}",ETH/USDT:USDT,-2.43310139367e-05,2025-09-01 00:00:00,2025-09-01T00:00:00.000Z
"{'formulaType': 'withRate', 'fundingRate': '-0.000011100452945', 'fundingTime': '1756713600000', 'instId': 'ETH-USDT-SWAP', 'instType': 'SWAP', 'method': 'current_period', 'realizedRate': '-0.000011100452945'}",ETH/USDT:USDT,-1.1100452945e-05,2025-09-01 08:00:00,2025-09-01T08:00:00.000Z
"{'formulaType': 'withRate', 'fundingRate': '0.0000953121772094', 'fundingTime': '1756742400000', 'instId': 'ETH-USDT-SWAP', 'instType': 'SWAP', 'method': 'current_period', 'realizedRate': '0.0000953121772094'}",ETH/USDT:USDT,9.53121772094e-05,2025-09-01 16:00:00,2025-09-01T16:00:00.000Z
"{'formulaType': 'withRate', 'fundingRate': '-0.0000071410350398', 'fundingTime': '1756771200000', 'instId': 'ETH-USDT-SWAP', 'instType': 'SWAP', 'method': 'current_period', 'realizedRate': '-0.0000071410350398'}",ETH/USDT:USDT,-7.1410350398e-06,2025-09-02 00:00:00,2025-09-02T00:00:00.000Z
"{'formulaType': 'withRate', 'fundingRate': '0.0000127079686249', 'fundingTime': '1756800000000', 'instId': 'ETH-USDT-SWAP', 'instType': 'SWAP', 'method': 'current_period', 'realizedRate': '0.0000127079686249'}",ETH/USDT:USDT,1.27079686249e-05,2025-09-02 08:00:00,2025-09-02T08:00:00.000Z
"{'formulaType': 'withRate', 'fundingRate': '0.0000573858920472', 'fundingTime': '1756828800000', 'instId': 'ETH-USDT-SWAP', 'instType': 'SWAP', 'method': 'current_period', 'realizedRate': '0.0000573858920472'}",ETH/USDT:USDT,5.73858920472e-05,2025-09-02 16:00:00,2025-09-02T16:00:00.000Z
"{'formulaType': 'withRate', 'fundingRate': '0.0000133264188836', 'fundingTime': '1756857600000', 'instId': 'ETH-USDT-SWAP', 'instType': 'SWAP', 'method': 'current_period', 'realizedRate': '0.0000133264188836'}",ETH/USDT:USDT,1.33264188836e-05,2025-09-03 00:00:00,2025-09-03T00:00:00.000Z
"{'formulaType': 'withRate', 'fundingRate': '0.0001', 'fundingTime': '1756886400000', 'instId': 'ETH-USDT-SWAP', 'instType': 'SWAP', 'method': 'current_period', 'realizedRate': '0.0001'}",ETH/USDT:USDT,0.0001,2025-09-03 08:00:00,2025-09-03T08:00:00.000Z
"{'formulaType': 'withRate', 'fundingRate': '0.0000516403315745', 'fundingTime': '1756915200000', 'instId': 'ETH-USDT-SWAP', 'instType': 'SWAP', 'method': 'current_period', 'realizedRate': '0.0000516403315745'}",ETH/USDT:USDT,5.16403315745e-05,2025-09-03 16:00:00,2025-09-03T16:00:00.000Z
"{'formulaType': 'withRate', 'fundingRate': '0.0000778516735205', 'fundingTime': '1756944000000', 'instId': 'ETH-USDT-SWAP', 'instType': 'SWAP', 'method': 'current_period', 'realizedRate': '0.0000778516735205'}",ETH/USDT:USDT,7.78516735205e-05,2025-09-04 00:00:00,2025-09-04T00:00:00.000Z
"{'formulaType': 'withRate', 'fundingRate': '0.0001', 'fundingTime': '1756972800000', 'instId': 'ETH-USDT-SWAP', 'instType': 'SWAP', 'method': 'current_period', 'realizedRate': '0.0001'}",ETH/USDT:USDT,0.0001,2025-09-04 08:00:00,2025-09-04T08:00:00.000Z
"{'formulaType': 'withRate', 'fundingRate': '0.0000234681865526', 'fundingTime': '1757001600000', 'instId': 'ETH-USDT-SWAP', 'instType': 'SWAP', 'method': 'current_period', 'realizedRate': '0.0000234681865526'}",ETH/USDT:USDT,2.34681865526e-05,2025-09-04 16:00:00,2025-09-04T16:00:00.000Z
"{'formulaType': 'withRate', 'fundingRate': '0.000001006727016', 'fundingTime': '1757030400000', 'instId': 'ETH-USDT-SWAP', 'instType': 'SWAP', 'method': 'current_period', 'realizedRate': '0.000001006727016'}",ETH/USDT:USDT,1.006727016e-06,2025-09-05 00:00:00,2025-09-05T00:00:00.000Z
"{'formulaType': 'withRate', 'fundingRate': '0.0000213395796131', 'fundingTime': '1757059200000', 'instId': 'ETH-USDT-SWAP', 'instType': 'SWAP', 'method': 'current_period', 'realizedRate': '0.0000213395796131'}",ETH/USDT:USDT,2.13395796131e-05,2025-09-05 08:00:00,2025-09-05T08:00:00.000Z
